{
    "metrics": {
        "http_req_sending": {
            "med": 0.028082,
            "p(90)": 0.07517640000000002,
            "p(95)": 0.10793284999999996,
            "p(99)": 0.3285344800000005,
            "p(99.9)": 5.940949855000349,
            "max": 15.737817,
            "min": 0.013403,
            "avg": 0.0577693801451527
        },
        "http_req_waiting": {
            "max": 1062.636562,
            "min": 1.031136,
            "avg": 30.272247068170095,
            "med": 21.913009000000002,
            "p(90)": 57.92127330000001,
            "p(95)": 73.87605239999998,
            "p(99)": 126.83200328000015,
            "p(99.9)": 501.3526281480107
        },
        "data_received": {
            "count": 3384939,
            "rate": 112665.03725270221
        },
        "http_req_duration": {
            "p(90)": 58.23445500000001,
            "p(95)": 74.30255864999998,
            "p(99)": 126.90198985000015,
            "p(99.9)": 504.885055242025,
            "max": 1063.005697,
            "min": 1.106313,
            "avg": 30.49318274473833,
            "med": 22.1291115,
            "thresholds": {
                "p(50)<3": true,
                "p(95)<5": true,
                "p(99)<10": true
            }
        },
        "checks": {
            "passes": 38580,
            "fails": 0,
            "thresholds": {
                "rate>0.999": false
            },
            "value": 1
        },
        "data_sent": {
            "count": 10910176,
            "rate": 363136.64307496755
        },
        "http_req_duration{expected_response:true}": {
            "avg": 30.49318274473833,
            "med": 22.1291115,
            "p(90)": 58.23445500000001,
            "p(95)": 74.30255864999998,
            "p(99)": 126.90198985000015,
            "p(99.9)": 504.885055242025,
            "max": 1063.005697,
            "min": 1.106313
        },
        "http_req_connecting": {
            "p(99.9)": 0.4956843150020696,
            "max": 5.870042,
            "min": 0,
            "avg": 0.0017912330222913425,
            "med": 0,
            "p(90)": 0,
            "p(95)": 0,
            "p(99)": 0
        },
        "http_req_tls_handshaking": {
            "p(99)": 0,
            "p(99.9)": 0,
            "max": 0,
            "min": 0,
            "avg": 0,
            "med": 0,
            "p(90)": 0,
            "p(95)": 0
        },
        "iteration_duration": {
            "min": 1.372363,
            "avg": 31.07363749403835,
            "med": 22.690465500000002,
            "p(90)": 58.755813000000025,
            "p(95)": 75.03934819999999,
            "p(99)": 127.59996773000016,
            "p(99.9)": 521.9811082860596,
            "max": 1110.700864
        },
        "http_req_failed": {
            "passes": 0,
            "fails": 19290,
            "thresholds": {
                "rate<0.001": false
            },
            "value": 0
        },
        "http_reqs": {
            "count": 19290,
            "rate": 642.0525062946853
        },
        "vus_max": {
            "min": 20,
            "max": 20,
            "value": 20
        },
        "http_req_receiving": {
            "p(95)": 0.25344725,
            "p(99)": 1.6966254500000026,
            "p(99.9)": 12.144004417000424,
            "max": 29.343946,
            "min": 0.032192,
            "avg": 0.16316629642301878,
            "med": 0.0768365,
            "p(90)": 0.19291760000000005
        },
        "iterations": {
            "count": 19290,
            "rate": 642.0525062946853
        },
        "vus": {
            "min": 20,
            "max": 20,
            "value": 20
        },
        "http_req_blocked": {
            "avg": 0.05425911798859545,
            "med": 0.007869,
            "p(90)": 0.011626,
            "p(95)": 0.013488549999999998,
            "p(99)": 0.05504987000000001,
            "p(99.9)": 24.165247894024684,
            "max": 49.66495,
            "min": 0.003285
        }
    },
    "root_group": {
        "groups": {},
        "checks": {
                "status 200": {
                    "name": "status 200",
                    "path": "::status 200",
                    "id": "fad9fa412b86fcb03bee97c80dcd61f1",
                    "passes": 19290,
                    "fails": 0
                },
                "has fraud_score": {
                    "passes": 19290,
                    "fails": 0,
                    "name": "has fraud_score",
                    "path": "::has fraud_score",
                    "id": "3cb29e44eaef4ee01a790e42569df196"
                }
            },
        "name": "",
        "path": "",
        "id": "d41d8cd98f00b204e9800998ecf8427e"
    }
}