{
    "root_group": {
        "groups": {},
        "checks": {
                "status 200": {
                    "name": "status 200",
                    "path": "::status 200",
                    "id": "fad9fa412b86fcb03bee97c80dcd61f1",
                    "passes": 40757,
                    "fails": 0
                },
                "has fraud_score": {
                    "id": "3cb29e44eaef4ee01a790e42569df196",
                    "passes": 40757,
                    "fails": 0,
                    "name": "has fraud_score",
                    "path": "::has fraud_score"
                }
            },
        "name": "",
        "path": "",
        "id": "d41d8cd98f00b204e9800998ecf8427e"
    },
    "metrics": {
        "vus_max": {
            "value": 20,
            "min": 20,
            "max": 20
        },
        "data_received": {
            "count": 7152135,
            "rate": 238276.73953081676
        },
        "http_req_duration": {
            "p(99)": 47.250314640000056,
            "p(99.9)": 123.43819142000169,
            "max": 219.853558,
            "min": 0.680904,
            "avg": 14.438896388841279,
            "med": 12.174638,
            "p(90)": 26.6981446,
            "p(95)": 30.760867599999997,
            "thresholds": {
                "p(95)<5": true,
                "p(99)<10": true,
                "p(50)<3": true
            }
        },
        "http_req_receiving": {
            "med": 0.044705,
            "p(90)": 0.11541400000000002,
            "p(95)": 0.14302299999999996,
            "p(99)": 0.5147465600000023,
            "p(99.9)": 3.9446274560014127,
            "max": 33.087261,
            "min": 0.018905,
            "avg": 0.0826402571092088
        },
        "checks": {
            "fails": 0,
            "passes": 81514,
            "thresholds": {
                "rate>0.999": false
            },
            "value": 1
        },
        "http_req_blocked": {
            "p(90)": 0.006688,
            "p(95)": 0.007603,
            "p(99)": 0.026740320000000182,
            "p(99.9)": 0.40047465200021604,
            "max": 7.73237,
            "min": 0.00185,
            "avg": 0.008317632725666713,
            "med": 0.004499
        },
        "http_req_connecting": {
            "max": 3.264469,
            "min": 0,
            "avg": 0.0003220368771008661,
            "med": 0,
            "p(90)": 0,
            "p(95)": 0,
            "p(99)": 0,
            "p(99.9)": 0
        },
        "iterations": {
            "count": 40757,
            "rate": 1357.8386136527763
        },
        "http_req_failed": {
            "fails": 40757,
            "passes": 0,
            "thresholds": {
                "rate<0.001": false
            },
            "value": 0
        },
        "http_reqs": {
            "rate": 1357.8386136527763,
            "count": 40757
        },
        "vus": {
            "value": 20,
            "min": 20,
            "max": 20
        },
        "iteration_duration": {
            "min": 0.837247,
            "avg": 14.705320128149793,
            "med": 12.44315,
            "p(90)": 27.00062100000001,
            "p(95)": 31.097805599999983,
            "p(99)": 47.81332840000002,
            "p(99.9)": 123.67304560400328,
            "max": 220.154283
        },
        "http_req_duration{expected_response:true}": {
            "p(99)": 47.250314640000056,
            "p(99.9)": 123.43819142000169,
            "max": 219.853558,
            "min": 0.680904,
            "avg": 14.438896388841279,
            "med": 12.174638,
            "p(90)": 26.6981446,
            "p(95)": 30.760867599999997
        },
        "http_req_waiting": {
            "min": 0.616808,
            "avg": 14.332106200014564,
            "med": 12.069711,
            "p(90)": 26.550395800000004,
            "p(95)": 30.62364799999999,
            "p(99)": 46.99405352000007,
            "p(99.9)": 123.37904712800136,
            "max": 219.685891
        },
        "http_req_tls_handshaking": {
            "max": 0,
            "min": 0,
            "avg": 0,
            "med": 0,
            "p(90)": 0,
            "p(95)": 0,
            "p(99)": 0,
            "p(99.9)": 0
        },
        "http_req_sending": {
            "p(99)": 0.12431812000000023,
            "p(99.9)": 0.7549899200000298,
            "max": 26.394257,
            "min": 0.007136,
            "avg": 0.024149931717250998,
            "med": 0.015959,
            "p(90)": 0.029097600000000032,
            "p(95)": 0.05652539999999994
        },
        "data_sent": {
            "count": 23074615,
            "rate": 768741.6454148135
        }
    }
}