{
    "metrics": {
        "http_reqs": {
            "count": 41832,
            "rate": 1393.9715081668162
        },
        "http_req_duration": {
            "max": 995.17096,
            "min": 0.40804,
            "avg": 14.038772955560248,
            "med": 9.5421915,
            "p(90)": 24.51090410000001,
            "p(95)": 33.7746656,
            "p(99)": 82.09885765000008,
            "p(99.9)": 535.4118282850192,
            "thresholds": {
                "p(50)<3": true,
                "p(95)<5": true,
                "p(99)<10": true
            }
        },
        "vus": {
            "value": 20,
            "min": 20,
            "max": 20
        },
        "http_req_connecting": {
            "p(99)": 0,
            "p(99.9)": 0,
            "max": 3.740573,
            "min": 0,
            "avg": 0.0007097241585389176,
            "med": 0,
            "p(90)": 0,
            "p(95)": 0
        },
        "http_req_tls_handshaking": {
            "p(95)": 0,
            "p(99)": 0,
            "p(99.9)": 0,
            "max": 0,
            "min": 0,
            "avg": 0,
            "med": 0,
            "p(90)": 0
        },
        "data_sent": {
            "count": 23680751,
            "rate": 789115.8009655967
        },
        "iteration_duration": {
            "p(99.9)": 545.2627122070002,
            "max": 1019.375425,
            "min": 0.508895,
            "avg": 14.321628489792456,
            "med": 9.7478555,
            "p(90)": 24.857793500000003,
            "p(95)": 34.444200249999994,
            "p(99)": 82.88124067000005
        },
        "http_req_blocked": {
            "p(90)": 0.005397,
            "p(95)": 0.006258449999999997,
            "p(99)": 0.013187520000000019,
            "p(99.9)": 0.30080978500003586,
            "max": 17.814167,
            "min": 0.001336,
            "avg": 0.011424949488429948,
            "med": 0.003444
        },
        "data_received": {
            "count": 7340599,
            "rate": 244611.44240958648
        },
        "iterations": {
            "count": 41832,
            "rate": 1393.9715081668162
        },
        "http_req_receiving": {
            "med": 0.034731,
            "p(90)": 0.09099080000000002,
            "p(95)": 0.12451794999999996,
            "p(99)": 0.38781540000000014,
            "p(99.9)": 4.081594577000281,
            "max": 99.108203,
            "min": 0.012335,
            "avg": 0.0718572985991594
        },
        "http_req_failed": {
            "passes": 0,
            "fails": 41832,
            "thresholds": {
                "rate<0.001": false
            },
            "value": 0
        },
        "checks": {
            "fails": 0,
            "passes": 83664,
            "thresholds": {
                "rate>0.999": false
            },
            "value": 1
        },
        "http_req_sending": {
            "p(99.9)": 1.5457498400000562,
            "max": 100.052304,
            "min": 0.005026,
            "avg": 0.024982215289730426,
            "med": 0.0122895,
            "p(90)": 0.0232988,
            "p(95)": 0.0449739,
            "p(99)": 0.1103772900000001
        },
        "http_req_waiting": {
            "med": 9.462849,
            "p(90)": 24.394745,
            "p(95)": 33.55758469999997,
            "p(99)": 81.67741877000003,
            "p(99.9)": 535.365545209019,
            "max": 993.335826,
            "min": 0.37708,
            "avg": 13.941933441671523
        },
        "http_req_duration{expected_response:true}": {
            "p(90)": 24.51090410000001,
            "p(95)": 33.7746656,
            "p(99)": 82.09885765000008,
            "p(99.9)": 535.4118282850192,
            "max": 995.17096,
            "min": 0.40804,
            "avg": 14.038772955560248,
            "med": 9.5421915
        },
        "vus_max": {
            "value": 20,
            "min": 20,
            "max": 20
        }
    },
    "root_group": {
        "name": "",
        "path": "",
        "id": "d41d8cd98f00b204e9800998ecf8427e",
        "groups": {},
        "checks": {
                "status 200": {
                    "name": "status 200",
                    "path": "::status 200",
                    "id": "fad9fa412b86fcb03bee97c80dcd61f1",
                    "passes": 41832,
                    "fails": 0
                },
                "has fraud_score": {
                    "name": "has fraud_score",
                    "path": "::has fraud_score",
                    "id": "3cb29e44eaef4ee01a790e42569df196",
                    "passes": 41832,
                    "fails": 0
                }
            }
    }
}