{
    "metrics": {
        "checks": {
            "passes": 31680,
            "fails": 0,
            "value": 1
        },
        "http_req_duration": {
            "p(90)": 275.8010605,
            "p(95)": 319.98698145000003,
            "p(99)": 443.9145357199995,
            "p(99.9)": 659.3994759950011,
            "max": 791.944487,
            "min": 0.840329,
            "avg": 122.24776455675386,
            "med": 99.533895,
            "thresholds": {
                "p(99)<100": true
            }
        },
        "http_req_receiving": {
            "min": 0.028241,
            "avg": 0.1078169270202013,
            "med": 0.0654985,
            "p(90)": 0.16076790000000002,
            "p(95)": 0.19313409999999995,
            "p(99)": 0.720641569999999,
            "p(99.9)": 5.108412255001774,
            "max": 29.966355
        },
        "http_reqs": {
            "count": 31680,
            "rate": 633.5808508931234
        },
        "http_req_sending": {
            "p(99)": 0.19674440999999945,
            "p(99.9)": 1.9566052910000304,
            "max": 17.609256,
            "min": 0.011137,
            "avg": 0.04048081227904039,
            "med": 0.0231315,
            "p(90)": 0.06826000000000004,
            "p(95)": 0.08409725
        },
        "vus": {
            "value": 5,
            "min": 5,
            "max": 150
        },
        "data_received": {
            "count": 5559127,
            "rate": 111179.17976271895
        },
        "http_req_failed": {
            "fails": 31680,
            "passes": 0,
            "thresholds": {
                "rate<0.05": false
            },
            "value": 0
        },
        "http_req_duration{expected_response:true}": {
            "p(99)": 443.9145357199995,
            "p(99.9)": 659.3994759950011,
            "max": 791.944487,
            "min": 0.840329,
            "avg": 122.24776455675386,
            "med": 99.533895,
            "p(90)": 275.8010605,
            "p(95)": 319.98698145000003
        },
        "iteration_duration": {
            "p(95)": 320.4455951,
            "p(99)": 445.7013836399999,
            "p(99.9)": 659.7331856190021,
            "max": 792.161095,
            "min": 1.049767,
            "avg": 122.65677785101029,
            "med": 99.8920635,
            "p(90)": 276.343459
        },
        "http_req_connecting": {
            "p(90)": 0,
            "p(95)": 0,
            "p(99)": 0,
            "p(99.9)": 0.5644789050000757,
            "max": 38.435242,
            "min": 0,
            "avg": 0.005453206407828281,
            "med": 0
        },
        "http_req_blocked": {
            "p(99.9)": 1.4425744720000293,
            "max": 39.136118,
            "min": 0.002794,
            "avg": 0.0164892034722222,
            "med": 0.006458,
            "p(90)": 0.009696100000000003,
            "p(95)": 0.01124005,
            "p(99)": 0.05530867999999999
        },
        "http_req_tls_handshaking": {
            "max": 0,
            "min": 0,
            "avg": 0,
            "med": 0,
            "p(90)": 0,
            "p(95)": 0,
            "p(99)": 0,
            "p(99.9)": 0
        },
        "http_req_waiting": {
            "p(99.9)": 659.2917272080006,
            "max": 791.651688,
            "min": 0.771137,
            "avg": 122.09946681745545,
            "med": 99.454303,
            "p(90)": 275.6519350000001,
            "p(95)": 319.8818724,
            "p(99)": 443.6216294399999
        },
        "data_sent": {
            "count": 17936729,
            "rate": 358723.7380700556
        },
        "iterations": {
            "count": 31680,
            "rate": 633.5808508931234
        },
        "vus_max": {
            "value": 150,
            "min": 150,
            "max": 150
        }
    },
    "root_group": {
        "path": "",
        "id": "d41d8cd98f00b204e9800998ecf8427e",
        "groups": {},
        "checks": {
                "status 200": {
                    "name": "status 200",
                    "path": "::status 200",
                    "id": "fad9fa412b86fcb03bee97c80dcd61f1",
                    "passes": 31680,
                    "fails": 0
                }
            },
        "name": ""
    }
}