{
    "metrics": {
        "http_req_connecting": {
            "p(99.9)": 0.3000562350000086,
            "max": 23.557229,
            "min": 0,
            "avg": 0.001618855808730088,
            "med": 0,
            "p(90)": 0,
            "p(95)": 0,
            "p(99)": 0
        },
        "checks": {
            "passes": 67674,
            "fails": 0,
            "value": 1
        },
        "data_received": {
            "count": 11875454,
            "rate": 237502.72445084396
        },
        "vus_max": {
            "value": 150,
            "min": 150,
            "max": 150
        },
        "http_reqs": {
            "count": 67674,
            "rate": 1353.4437819797386
        },
        "http_req_sending": {
            "p(99)": 0.07824576000000036,
            "p(99.9)": 0.3526228480000144,
            "max": 15.073009,
            "min": 0.004762,
            "avg": 0.018074906995301045,
            "med": 0.0121595,
            "p(90)": 0.024301700000000006,
            "p(95)": 0.04341635
        },
        "http_req_failed": {
            "passes": 0,
            "fails": 67674,
            "thresholds": {
                "rate<0.05": false
            },
            "value": 0
        },
        "iteration_duration": {
            "avg": 57.309559706090674,
            "med": 33.6347595,
            "p(90)": 129.4777463,
            "p(95)": 158.50109759999998,
            "p(99)": 236.99857927000005,
            "p(99.9)": 364.7760041850014,
            "max": 432.007409,
            "min": 0.531669
        },
        "http_req_duration": {
            "p(90)": 129.3072749,
            "p(95)": 158.29967864999998,
            "p(99)": 236.84981793000014,
            "p(99.9)": 364.379837370001,
            "max": 431.859082,
            "min": 0.421811,
            "avg": 57.140401925938484,
            "med": 33.4298835,
            "thresholds": {
                "p(99)<100": true
            }
        },
        "http_req_blocked": {
            "p(90)": 0.005341,
            "p(95)": 0.00619,
            "p(99)": 0.01824735000000002,
            "p(99.9)": 0.4570926360000013,
            "max": 23.705237,
            "min": 0.001082,
            "avg": 0.00625802547507173,
            "med": 0.003409
        },
        "http_req_waiting": {
            "avg": 57.067288438558194,
            "med": 33.3704005,
            "p(90)": 129.2422197,
            "p(95)": 158.24617725,
            "p(99)": 236.8149657900001,
            "p(99.9)": 364.33835835900084,
            "max": 431.816337,
            "min": 0.382643
        },
        "vus": {
            "min": 5,
            "max": 150,
            "value": 5
        },
        "http_req_tls_handshaking": {
            "p(99)": 0,
            "p(99.9)": 0,
            "max": 0,
            "min": 0,
            "avg": 0,
            "med": 0,
            "p(90)": 0,
            "p(95)": 0
        },
        "data_sent": {
            "count": 38298983,
            "rate": 765959.1630093937
        },
        "http_req_receiving": {
            "avg": 0.0550385803853765,
            "med": 0.0369975,
            "p(90)": 0.08500080000000002,
            "p(95)": 0.11145429999999998,
            "p(99)": 0.22352705000000006,
            "p(99.9)": 1.7594403720001042,
            "max": 31.650253,
            "min": 0.013179
        },
        "iterations": {
            "count": 67674,
            "rate": 1353.4437819797386
        },
        "http_req_duration{expected_response:true}": {
            "max": 431.859082,
            "min": 0.421811,
            "avg": 57.140401925938484,
            "med": 33.4298835,
            "p(90)": 129.3072749,
            "p(95)": 158.29967864999998,
            "p(99)": 236.84981793000014,
            "p(99.9)": 364.379837370001
        }
    },
    "root_group": {
        "name": "",
        "path": "",
        "id": "d41d8cd98f00b204e9800998ecf8427e",
        "groups": {},
        "checks": {
                "status 200": {
                    "passes": 67674,
                    "fails": 0,
                    "name": "status 200",
                    "path": "::status 200",
                    "id": "fad9fa412b86fcb03bee97c80dcd61f1"
                }
            }
    }
}