{
    "root_group": {
        "name": "",
        "path": "",
        "id": "d41d8cd98f00b204e9800998ecf8427e",
        "groups": {},
        "checks": {
                "status 200": {
                    "id": "fad9fa412b86fcb03bee97c80dcd61f1",
                    "passes": 35274,
                    "fails": 0,
                    "name": "status 200",
                    "path": "::status 200"
                }
            }
    },
    "metrics": {
        "vus": {
            "value": 5,
            "min": 5,
            "max": 150
        },
        "http_req_duration{expected_response:true}": {
            "p(99)": 477.0489995899993,
            "p(99.9)": 838.5137298840034,
            "max": 937.284122,
            "min": 0.722334,
            "avg": 109.61651634081763,
            "med": 71.631216,
            "p(90)": 262.9198679,
            "p(95)": 321.2250772
        },
        "iteration_duration": {
            "med": 72.1044345,
            "p(90)": 263.5482843000001,
            "p(95)": 321.65115124999994,
            "p(99)": 477.54745073999925,
            "p(99.9)": 838.7738034150038,
            "max": 946.695796,
            "min": 0.895238,
            "avg": 110.03085950646367
        },
        "http_req_sending": {
            "min": 0.006979,
            "avg": 0.03704890862958548,
            "med": 0.0191945,
            "p(90)": 0.0612484,
            "p(95)": 0.07238335,
            "p(99)": 0.1534754699999995,
            "p(99.9)": 2.618802407000211,
            "max": 20.671933
        },
        "http_req_receiving": {
            "med": 0.0537565,
            "p(90)": 0.13846210000000003,
            "p(95)": 0.1647061,
            "p(99)": 0.6480021499999838,
            "p(99.9)": 8.624016240000419,
            "max": 29.229434,
            "min": 0.017964,
            "avg": 0.1037948914781426
        },
        "checks": {
            "passes": 35274,
            "fails": 0,
            "value": 1
        },
        "http_req_tls_handshaking": {
            "p(95)": 0,
            "p(99)": 0,
            "p(99.9)": 0,
            "max": 0,
            "min": 0,
            "avg": 0,
            "med": 0,
            "p(90)": 0
        },
        "data_sent": {
            "count": 19969274,
            "rate": 399355.4576946924
        },
        "data_received": {
            "count": 6190123,
            "rate": 123793.15361447004
        },
        "iterations": {
            "count": 35274,
            "rate": 705.4269681873553
        },
        "http_req_blocked": {
            "p(95)": 0.00947,
            "p(99)": 0.039733089999999784,
            "p(99.9)": 1.1485838100005732,
            "max": 43.629805,
            "min": 0.001753,
            "avg": 0.014663692408005866,
            "med": 0.005245,
            "p(90)": 0.008108700000000002
        },
        "http_req_waiting": {
            "p(99.9)": 838.4412849940031,
            "max": 937.21756,
            "min": 0.644758,
            "avg": 109.47567254070987,
            "med": 71.488711,
            "p(90)": 262.7735545,
            "p(95)": 321.0970937999999,
            "p(99)": 476.99379423999943
        },
        "http_req_duration": {
            "p(99.9)": 838.5137298840034,
            "max": 937.284122,
            "min": 0.722334,
            "avg": 109.61651634081763,
            "med": 71.631216,
            "p(90)": 262.9198679,
            "p(95)": 321.2250772,
            "p(99)": 477.0489995899993,
            "thresholds": {
                "p(99)<100": true
            }
        },
        "http_req_connecting": {
            "avg": 0.004618563786358223,
            "med": 0,
            "p(90)": 0,
            "p(95)": 0,
            "p(99)": 0,
            "p(99.9)": 0.5022443790000266,
            "max": 42.913487,
            "min": 0
        },
        "http_reqs": {
            "rate": 705.4269681873553,
            "count": 35274
        },
        "vus_max": {
            "value": 150,
            "min": 150,
            "max": 150
        },
        "http_req_failed": {
            "passes": 0,
            "fails": 35274,
            "thresholds": {
                "rate<0.05": false
            },
            "value": 0
        }
    }
}