{
    "root_group": {
        "name": "",
        "path": "",
        "id": "d41d8cd98f00b204e9800998ecf8427e",
        "groups": {},
        "checks": {
                "status 200": {
                    "name": "status 200",
                    "path": "::status 200",
                    "id": "fad9fa412b86fcb03bee97c80dcd61f1",
                    "passes": 81290,
                    "fails": 0
                }
            }
    },
    "metrics": {
        "iterations": {
            "count": 81290,
            "rate": 903.3081502129519
        },
        "http_req_duration{expected_response:true}": {
            "avg": 77.96578079996303,
            "med": 66.6076655,
            "p(90)": 149.0864955,
            "p(95)": 182.26552945,
            "p(99)": 287.66426398,
            "p(99.9)": 422.2021660870003,
            "max": 552.933016,
            "min": 0.845586
        },
        "http_req_connecting": {
            "min": 0,
            "avg": 0.003066345417640546,
            "med": 0,
            "p(90)": 0,
            "p(95)": 0,
            "p(99)": 0,
            "p(99.9)": 0.4304093930001912,
            "max": 48.702234
        },
        "data_sent": {
            "count": 46012031,
            "rate": 511293.42613053264
        },
        "http_req_waiting": {
            "p(99.9)": 421.91208652900013,
            "max": 547.591484,
            "min": 0.786305,
            "avg": 77.81372654271213,
            "med": 66.4610215,
            "p(90)": 148.91157750000008,
            "p(95)": 181.84148005000003,
            "p(99)": 287.23730903000006
        },
        "vus_max": {
            "min": 100,
            "max": 100,
            "value": 100
        },
        "http_req_sending": {
            "med": 0.019935,
            "p(90)": 0.041293200000000016,
            "p(95)": 0.07539015000000004,
            "p(99)": 0.20427271000000016,
            "p(99.9)": 3.8501090000001845,
            "max": 45.072692,
            "min": 0.006968,
            "avg": 0.04200585936769569
        },
        "iteration_duration": {
            "med": 66.95466049999999,
            "p(90)": 149.4532671,
            "p(95)": 182.65011215000007,
            "p(99)": 287.96714486,
            "p(99.9)": 422.42323324100073,
            "max": 553.380712,
            "min": 1.032418,
            "avg": 78.3395177698737
        },
        "data_received": {
            "rate": 158515.79006654414,
            "count": 14265064
        },
        "http_req_failed": {
            "passes": 0,
            "fails": 81290,
            "thresholds": {
                "rate<0.01": false
            },
            "value": 0
        },
        "http_req_tls_handshaking": {
            "p(99.9)": 0,
            "max": 0,
            "min": 0,
            "avg": 0,
            "med": 0,
            "p(90)": 0,
            "p(95)": 0,
            "p(99)": 0
        },
        "vus": {
            "min": 2,
            "max": 100,
            "value": 5
        },
        "checks": {
            "passes": 81290,
            "fails": 0,
            "value": 1
        },
        "http_req_duration": {
            "p(95)": 182.26552945,
            "p(99)": 287.66426398,
            "p(99.9)": 422.2021660870003,
            "max": 552.933016,
            "min": 0.845586,
            "avg": 77.96578079996303,
            "med": 66.6076655,
            "p(90)": 149.0864955,
            "thresholds": {
                "p(99)<50": true
            }
        },
        "http_req_blocked": {
            "avg": 0.012574088350350718,
            "med": 0.005678,
            "p(90)": 0.009679100000000006,
            "p(95)": 0.011369550000000003,
            "p(99)": 0.039492690000000046,
            "p(99.9)": 0.9703257850001326,
            "max": 49.09062,
            "min": 0.00175
        },
        "http_req_receiving": {
            "p(95)": 0.19483875,
            "p(99)": 0.7572986100000005,
            "p(99.9)": 9.010730884000376,
            "max": 69.726813,
            "min": 0.018891,
            "avg": 0.11004839788411913,
            "med": 0.050649,
            "p(90)": 0.14309570000000005
        },
        "http_reqs": {
            "count": 81290,
            "rate": 903.3081502129519
        }
    }
}