{
    "root_group": {
        "name": "",
        "path": "",
        "id": "d41d8cd98f00b204e9800998ecf8427e",
        "groups": {},
        "checks": {
                "status 200": {
                    "passes": 185052,
                    "fails": 0,
                    "name": "status 200",
                    "path": "::status 200",
                    "id": "fad9fa412b86fcb03bee97c80dcd61f1"
                }
            }
    },
    "metrics": {
        "http_req_waiting": {
            "p(99)": 139.0945431299999,
            "p(99.9)": 242.06165480100034,
            "max": 800.993964,
            "min": 0.438816,
            "avg": 34.17358429220435,
            "med": 28.934214,
            "p(90)": 62.6128917,
            "p(95)": 80.63955599999998
        },
        "checks": {
            "passes": 185052,
            "fails": 0,
            "value": 1
        },
        "vus": {
            "value": 3,
            "min": 3,
            "max": 100
        },
        "data_received": {
            "count": 32473396,
            "rate": 360798.06813608145
        },
        "iterations": {
            "count": 185052,
            "rate": 2056.033933276278
        },
        "data_sent": {
            "count": 104760943,
            "rate": 1163954.2057909232
        },
        "vus_max": {
            "value": 100,
            "min": 100,
            "max": 100
        },
        "http_req_duration{expected_response:true}": {
            "med": 28.9923955,
            "p(90)": 62.68683579999999,
            "p(95)": 80.69796349999996,
            "p(99)": 139.16001080999965,
            "p(99.9)": 242.10967794800038,
            "max": 801.03475,
            "min": 0.497839,
            "avg": 34.236874085128306
        },
        "http_req_blocked": {
            "p(99)": 0.010496169999999692,
            "p(99.9)": 0.16716486700002198,
            "max": 20.854601,
            "min": 0.000954,
            "avg": 0.004898710081490561,
            "med": 0.002989,
            "p(90)": 0.004958,
            "p(95)": 0.005829
        },
        "http_req_tls_handshaking": {
            "p(90)": 0,
            "p(95)": 0,
            "p(99)": 0,
            "p(99.9)": 0,
            "max": 0,
            "min": 0,
            "avg": 0,
            "med": 0
        },
        "http_reqs": {
            "count": 185052,
            "rate": 2056.033933276278
        },
        "http_req_duration": {
            "p(90)": 62.68683579999999,
            "p(95)": 80.69796349999996,
            "p(99)": 139.16001080999965,
            "p(99.9)": 242.10967794800038,
            "max": 801.03475,
            "min": 0.497839,
            "avg": 34.236874085128306,
            "med": 28.9923955,
            "thresholds": {
                "p(99)<50": true
            }
        },
        "http_req_connecting": {
            "avg": 0.0005810515044419946,
            "med": 0,
            "p(90)": 0,
            "p(95)": 0,
            "p(99)": 0,
            "p(99.9)": 0,
            "max": 16.027444,
            "min": 0
        },
        "http_req_failed": {
            "passes": 0,
            "fails": 185052,
            "thresholds": {
                "rate<0.01": false
            },
            "value": 0
        },
        "http_req_sending": {
            "p(90)": 0.019635899999999994,
            "p(95)": 0.029031449999999983,
            "p(99)": 0.08600526999999979,
            "p(99.9)": 0.5642030260000732,
            "max": 50.654178,
            "min": 0.004066,
            "avg": 0.01687995789291693,
            "med": 0.010614
        },
        "http_req_receiving": {
            "min": 0.010486,
            "avg": 0.04640983503015335,
            "med": 0.027916,
            "p(90)": 0.0676958,
            "p(95)": 0.10395244999999999,
            "p(99)": 0.24512968999999923,
            "p(99.9)": 1.6526442790005402,
            "max": 29.432212
        },
        "iteration_duration": {
            "p(90)": 62.8781364,
            "p(95)": 80.91652055,
            "p(99)": 139.37464981999977,
            "p(99.9)": 242.27884474000024,
            "max": 801.186365,
            "min": 0.594671,
            "avg": 34.4017822609864,
            "med": 29.1424545
        }
    }
}