{
    "root_group": {
        "name": "",
        "path": "",
        "id": "d41d8cd98f00b204e9800998ecf8427e",
        "groups": {},
        "checks": {
                "status 200": {
                    "passes": 138182,
                    "fails": 0,
                    "name": "status 200",
                    "path": "::status 200",
                    "id": "fad9fa412b86fcb03bee97c80dcd61f1"
                }
            }
    },
    "metrics": {
        "iteration_duration": {
            "p(95)": 97.65783139999996,
            "p(99)": 139.32524785000004,
            "p(99.9)": 245.18179677400002,
            "max": 893.246305,
            "min": 0.815583,
            "avg": 46.07406190569753,
            "med": 41.3893645,
            "p(90)": 81.72695840000002
        },
        "http_req_sending": {
            "p(99.9)": 0.7987349540000029,
            "max": 19.749616,
            "min": 0.006578,
            "avg": 0.022234667641226533,
            "med": 0.014099,
            "p(90)": 0.025774,
            "p(95)": 0.04922939999999944,
            "p(99)": 0.11608433000000003
        },
        "http_req_failed": {
            "passes": 0,
            "fails": 138182,
            "thresholds": {
                "rate<0.01": false
            },
            "value": 0
        },
        "http_req_connecting": {
            "p(99.9)": 0,
            "max": 24.600983,
            "min": 0,
            "avg": 0.0006011502004602625,
            "med": 0,
            "p(90)": 0,
            "p(95)": 0,
            "p(99)": 0
        },
        "http_req_duration": {
            "p(99.9)": 244.62519833200506,
            "max": 892.905826,
            "min": 0.653846,
            "avg": 45.85431939096932,
            "med": 41.1889415,
            "p(90)": 81.50288820000002,
            "p(95)": 97.43202084999994,
            "p(99)": 138.8573610600001,
            "thresholds": {
                "p(99)<50": true
            }
        },
        "http_req_receiving": {
            "p(99.9)": 2.576025575000441,
            "max": 15.196014,
            "min": 0.016036,
            "avg": 0.0627155642558367,
            "med": 0.0365655,
            "p(90)": 0.09331090000000002,
            "p(95)": 0.13747354999999986,
            "p(99)": 0.3559866900000008
        },
        "data_sent": {
            "count": 78232681,
            "rate": 869342.1708581129
        },
        "vus_max": {
            "value": 100,
            "min": 100,
            "max": 100
        },
        "checks": {
            "passes": 138182,
            "fails": 0,
            "value": 1
        },
        "http_reqs": {
            "count": 138182,
            "rate": 1535.5148042736225
        },
        "http_req_duration{expected_response:true}": {
            "med": 41.1889415,
            "p(90)": 81.50288820000002,
            "p(95)": 97.43202084999994,
            "p(99)": 138.8573610600001,
            "p(99.9)": 244.62519833200506,
            "max": 892.905826,
            "min": 0.653846,
            "avg": 45.85431939096932
        },
        "vus": {
            "max": 100,
            "value": 2,
            "min": 2
        },
        "http_req_tls_handshaking": {
            "p(99)": 0,
            "p(99.9)": 0,
            "max": 0,
            "min": 0,
            "avg": 0,
            "med": 0,
            "p(90)": 0,
            "p(95)": 0
        },
        "iterations": {
            "count": 138182,
            "rate": 1535.5148042736225
        },
        "http_req_blocked": {
            "p(99)": 0.015588380000000004,
            "p(99.9)": 0.380087547000002,
            "max": 24.68703,
            "min": 0.001538,
            "avg": 0.006232869338987698,
            "med": 0.004032,
            "p(90)": 0.006512,
            "p(95)": 0.007516
        },
        "http_req_waiting": {
            "avg": 45.76936915907283,
            "med": 41.1015115,
            "p(90)": 81.42089110000002,
            "p(95)": 97.32454599999993,
            "p(99)": 138.75986966000002,
            "p(99.9)": 244.54927311300455,
            "max": 892.650165,
            "min": 0.603825
        },
        "data_received": {
            "count": 24248560,
            "rate": 269456.38985046674
        }
    }
}